140455,2,0.32373,-0.051758,0.883789,2.743902,10.487805,10.853659
140455,3,0.090816,-0.136605,0.00819,-0.98642,,
140465,2,0.317871,-0.060547,0.866211,0.243902,12.743903,10.060976
140465,3,0.091729,-0.135597,0.008341,-0.986473,,
140475,2,0.32373,-0.056641,0.854004,-0.670732,17.621952,7.134147
140475,3,0.092395,-0.134226,0.008612,-0.986596,,
140485,2,0.289551,-0.055176,0.88623,0.487805,21.097561,2.804878
140485,3,0.092711,-0.132486,0.008822,-0.9868,,
140495,2,0.268555,-0.045898,0.930176,3.109756,20.670732,0.304878
140495,3,0.092796,-0.130686,0.008797,-0.987032,,
140505,2,0.271973,-0.04541,1.022461,6.890244,19.207317,-1.707317
140505,3,0.092761,-0.128943,0.008421,-0.987268,,
140515,2,0.345215,-0.04541,1.041504,7.804878,14.939025,-6.52439
140515,3,0.092386,-0.127486,0.007815,-0.987497,,
140525,2,0.370117,0.081543,0.958008,10.487805,23.170732,5.792683
140525,3,0.092488,-0.125862,0.007234,-0.987701,,
140535,2,0.216797,0.083496,0.972168,-1.036585,36.707317,31.402439
140535,3,0.094732,-0.122873,0.007514,-0.987862,,
140545,2,0.185059,0.033691,1.034668,-4.268293,37.804878,40.609756
140545,3,0.098028,-0.119585,0.00858,-0.987935,,
140555,2,0.181152,-0.003906,1.026367,-2.134146,34.878048,34.207317
140555,3,0.101147,-0.116475,0.009465,-0.987984,,
140565,2,0.166992,-0.036621,1.0625,3.414634,37.743904,18.658537
140565,3,0.103081,-0.11328,0.009815,-0.988153,,
140575,2,0.153809,-0.022949,1.067871,2.317073,48.170734,8.292683
140575,3,0.103977,-0.109266,0.010065,-0.988508,,
140585,2,0.130371,-0.02832,1.060547,-2.317073,48.414635,1.52439
140585,3,0.104212,-0.104973,0.010636,-0.988943,,
140594,2,0.089355,-0.022949,1.027344,-11.646341,40.975609,-6.95122
140595,3,0.103681,-0.101315,0.01176,-0.989367,,
140604,2,0.097656,-0.015137,0.97998,-16.341463,38.170734,-15.914635
140605,3,0.102327,-0.098091,0.013386,-0.989812,,
140614,2,0.11084,-0.034668,0.991699,-13.353659,39.451221,-25
140614,3,0.100139,-0.094845,0.014598,-0.990335,,
140624,2,0.119629,-0.083496,1.01416,-21.158537,41.280487,-22.195122
140624,3,0.097928,-0.091442,0.016414,-0.990848,,
140634,2,0.111328,-0.098633,1.005371,-27.92683,39.573174,-23.719513
140634,3,0.0957,-0.088204,0.018907,-0.991314,,
140644,2,0.092773,-0.101074,1.03125,-30.731709,36.890244,-34.512196
140644,3,0.092691,-0.085207,0.021595,-0.991807,,
140654,2,0.075684,-0.100586,1.010742,-41.524391,27.256098,-43.780487
140654,3,0.088717,-0.082943,0.024885,-0.992285,,
140664,2,0.068848,-0.109863,1.001953,-43.475613,13.780488,-41.524391
140664,3,0.084654,-0.081851,0.028559,-0.992632,,
140674,2,0.0625,-0.126953,0.949707,-33.658539,5.487805,-31.158537
140674,3,0.081437,-0.081542,0.031512,-0.992837,,
140684,2,0.105957,-0.162109,0.905273,-26.890245,8.292683,-21.463415
140684,3,0.079167,-0.081166,0.033891,-0.992973,,
140694,2,0.152344,-0.157715,0.915039,-22.621952,15.670732,-12.5
140694,3,0.077693,-0.08013,0.035958,-0.993101,,
140704,2,0.149414,-0.123047,0.902832,-18.597561,14.45122,-6.280488
140704,3,0.076871,-0.078958,0.037746,-0.993193,,
140714,2,0.119629,-0.116699,0.870117,-8.536586,7.195122,-5.853659
140714,3,0.076271,-0.078258,0.038811,-0.993253,,
140724,2,0.120117,-0.098145,0.838867,7.926829,1.890244,-6.829268
140724,3,0.075723,-0.078,0.038465,-0.993329,,
140734,2,0.145508,-0.093262,0.900391,13.658537,-1.707317,-4.939024
140734,3,0.075321,-0.077986,0.037288,-0.993406,,
140744,2,0.15918,-0.101074,0.933105,16.768293,-11.097561,-3.658537
140744,3,0.075208,-0.078554,0.035882,-0.993421,,
140754,2,0.236328,-0.020996,0.95752,23.597561,-24.085367,-13.536586
140754,3,0.074361,-0.080395,0.033708,-0.993414,,
140764,2,0.186035,-0.049805,0.919922,15,-19.207317,-11.829268
140764,3,0.073427,-0.082164,0.031896,-0.993398,,
140774,2,0.182617,-0.018555,0.925293,3.536585,-15.54878,0.853659
140774,3,0.073427,-0.083561,0.031108,-0.993307,,
140784,2,0.153809,-0.041992,0.967773,2.987805,-24.268293,8.353659
140784,3,0.073981,-0.08536,0.030818,-0.993122,,
140794,2,0.202637,-0.074707,0.991211,9.634147,-39.573174,6.280488
140794,3,0.074836,-0.088362,0.029963,-0.992821,,
140804,2,0.248535,-0.002441,1.045898,15.670732,-44.146343,6.036585
140804,3,0.075522,-0.092118,0.028459,-0.992472,,
140814,2,0.26416,0.063477,1.00293,10.792684,-34.451221,14.939025
140814,3,0.076859,-0.095263,0.027108,-0.99211,,
140824,2,0.312988,-0.007812,0.922852,-2.195122,-20.975611,15.060976
140824,3,0.078258,-0.09737,0.026955,-0.9918,,
140834,2,0.199219,-0.045898,0.881836,-0.792683,-11.341464,12.987805
140834,3,0.079424,-0.098533,0.027176,-0.991587,,
140841,1,0,0,0,,,
140844,2,0.204102,-0.102539,0.977051,16.219513,-13.292684,8.841464
140844,3,0.08045,-0.099476,0.026194,-0.991436,,
140854,2,0.188477,-0.046875,0.993164,30.609756,-21.95122,6.95122
140854,3,0.081312,-0.100955,0.023804,-0.991277,,
140864,2,0.247559,-0.005859,1.012207,33.048782,-31.097561,8.47561
140864,3,0.082389,-0.103238,0.020731,-0.991022,,
140874,2,0.246094,0.004883,1.057617,24.512196,-29.695122,8.47561
140874,3,0.083415,-0.105666,0.018217,-0.990729,,
140884,2,0.20752,0.010742,1.009277,15.243903,-28.353659,7.926829
140884,3,0.084325,-0.107999,0.016546,-0.99043,,
140894,2,0.236816,-0.000488,1.001465,7.865854,-25.670732,6.097561
140894,3,0.085037,-0.110196,0.015545,-0.990143,,
140904,2,0.26123,0.021973,1.012207,2.012195,-19.573172,1.646341
140904,3,0.085344,-0.112017,0.015078,-0.98992,,
140914,2,0.230957,0.036621,1.020508,-5.060976,-9.390244,0.060976
140914,3,0.085338,-0.113081,0.015214,-0.989797,,
140924,2,0.184082,0.037598,1.001953,-10.304878,-12.256098,-3.597561
140924,3,0.08506,-0.114083,0.015814,-0.989697,,
140934,2,0.200195,0.035645,0.959473,-13.414635,-13.414635,-7.987805
140934,3,0.084352,-0.11533,0.016701,-0.989598,,
140944,2,0.199707,0.013184,0.94043,-12.134147,-8.597561,-6.585366
140944,3,0.083598,-0.11627,0.017632,-0.989536,,
140954,2,0.206543,0.005859,0.954102,-7.256098,-2.560976,-4.02439
140954,3,0.083133,-0.116676,0.01824,-0.989516,,
140964,2,0.220215,-0.018066,0.967773,-5.731708,5.609756,-1.463415
140964,3,0.082894,-0.116406,0.018722,-0.989559,,
140974,2,0.201172,-0.022949,0.995117,-4.756098,10.670732,0
140974,3,0.08279,-0.115578,0.019217,-0.989656,,
140984,2,0.220703,-0.003906,0.959961,-6.158537,12.560976,2.012195
140984,3,0.082848,-0.114564,0.019775,-0.989758,,
140994,2,0.210449,-0.015137,0.937012,-9.573171,16.463415,4.878049
140994,3,0.083088,-0.113278,0.020665,-0.989867,,
141004,2,0.225098,0.003906,0.921875,-13.170732,21.707317,3.109756
141004,3,0.083307,-0.111593,0.021864,-0.990015,,
141014,2,0.205078,-0.003418,0.955078,-18.475611,24.695122,-0.670732
141014,3,0.083098,-0.109623,0.023514,-0.990214,,
141024,2,0.17334,-0.03125,0.953613,-19.207317,19.085367,-0.731707
141024,3,0.082782,-0.107908,0.025318,-0.990385,,
141034,2,0.193359,-0.036621,0.933105,-13.719513,8.109756,-0.792683
141034,3,0.082558,-0.107086,0.026706,-0.990456,,
141044,2,0.197754,-0.048828,0.919434,-9.695122,2.804878,0.670732
141044,3,0.082445,-0.106809,0.027639,-0.99047,,
141054,2,0.183105,-0.026855,0.935059,-4.146341,-2.134146,2.865854
141054,3,0.08261,-0.106914,0.028122,-0.990431,,
141064,2,0.180664,-0.035645,0.942871,-0.426829,-5.426829,2.134146
141064,3,0.082822,-0.107288,0.028197,-0.990371,,
141074,2,0.208496,-0.013672,0.987793,2.073171,-8.658537,2.134146
141074,3,0.083022,-0.107947,0.027997,-0.990288,,
141084,2,0.209473,0.001465,0.991699,1.280488,-7.317073,2.073171
141084,3,0.083255,-0.108613,0.027777,-0.990202,,
141094,2,0.199707,-0.003418,0.993164,-0.182927,-3.292683,3.04878
141094,3,0.083505,-0.108961,0.027737,-0.990144,,
141104,2,0.210449,-0.000977,0.980469,0.914634,1.219512,4.207317
141104,3,0.083856,-0.108937,0.02768,-0.990119,,
141114,2,0.189941,-0.017578,0.949707,-1.097561,7.073171,5.487805
141114,3,0.084278,-0.108436,0.027773,-0.990135,,
141124,2,0.194824,-0.020996,0.90918,0,9.268292,6.585366
141124,3,0.084812,-0.107627,0.027942,-0.990173,,
141134,2,0.200684,-0.016602,0.900879,0.792683,9.02439,4.756098
141134,3,0.085253,-0.106812,0.027948,-0.990223,,
141144,2,0.180176,-0.024414,0.904785,-1.280488,7.865854,3.109756
141144,3,0.085536,-0.106103,0.028077,-0.990271,,
141154,2,0.171387,-0.056152,0.89209,-0.97561,5.853659,2.865854
141154,3,0.085761,-0.105531,0.02826,-0.990308,,
141164,2,0.185547,-0.047852,0.886719,2.256098,2.378049,2.865854
141164,3,0.086011,-0.105226,0.028183,-0.990321,,
141174,2,0.153809,-0.056641,0.879883,4.329268,-0.365854,2.560976
141174,3,0.086287,-0.105159,0.027854,-0.990313,,
141184,2,0.178711,-0.049805,0.849121,7.804878,1.402439,3.658537
141184,3,0.0866,-0.105095,0.027281,-0.990309,,
141194,2,0.069336,-0.023926,0.799316,-2.682927,17.37805,6.585366
141194,3,0.087197,-0.104017,0.027276,-0.99037,,
141204,2,0.199219,-0.093262,0.788574,7.926829,4.756098,4.695122
141204,3,0.087634,-0.103238,0.027121,-0.990417,,
141214,2,0.213867,-0.05957,0.793945,16.402439,7.621952,5.609756
141214,3,0.088243,-0.102602,0.025825,-0.990464,,
141224,2,0.197266,-0.056152,0.75,16.95122,13.04878,4.573171
141224,3,0.088761,-0.101467,0.024585,-0.990566,,
141234,2,0.21582,-0.024902,0.808594,30.060976,13.963415,6.585366
141234,3,0.089489,-0.100054,0.022475,-0.990695,,
141244,2,0.226074,0.005859,0.859863,44.7561,7.5,12.378049
141244,3,0.090754,-0.098892,0.019042,-0.990768,,
141254,2,0.212891,0.098633,0.894531,45.42683,-2.439024,13.719513
141254,3,0.092387,-0.098514,0.015111,-0.990723,,
141264,2,0.163574,0.062988,0.912598,34.939026,-8.109756,6.097561
141264,3,0.093446,-0.098831,0.011773,-0.990637,,
141274,2,0.154785,0.038086,0.912598,33.475609,4.146341,-9.390244
141274,3,0.093287,-0.098556,0.008876,-0.99071,,
141284,2,0.214844,0.053223,0.977051,41.036587,6.585366,-12.256098
141284,3,0.092519,-0.097614,0.005353,-0.9909,,
141294,2,0.292969,0.09375,1.001465,28.963415,14.085366,-5.914634
141294,3,0.09215,-0.096408,0.002452,-0.991064,,
141304,2,0.303711,0.097168,1.04248,5,34.024391,0.243902
141304,3,0.092127,-0.093871,0.001638,-0.991311,,
141314,2,0.265137,0.033691,0.973145,-13.231708,56.585365,8.04878
141314,3,0.092554,-0.089576,0.00286,-0.991666,,
141324,2,0.184082,-0.044922,0.888184,-18.231709,73.719513,14.329268
141324,3,0.09352,-0.083672,0.005052,-0.992082,,
141334,2,0.195801,-0.150879,0.839355,-2.621951,82.134148,15.853659
141334,3,0.094776,-0.076799,0.006533,-0.99251,,
141344,2,0.177734,-0.121582,0.756348,24.756098,92.621956,15.731708
141344,3,0.096222,-0.068893,0.005902,-0.992955,,
141354,2,0.128418,-0.145996,0.75293,50.731709,100.121956,14.268293
141354,3,0.097727,-0.059987,0.003048,-0.993399,,
141364,2,0.152344,-0.119141,0.788574,70.243904,94.634148,16.402439
141364,3,0.099385,-0.051023,-0.001635,-0.993739,,
141374,2,0.140625,-0.089844,0.803711,94.939026,75.975609,21.829269
141374,3,0.101569,-0.043272,-0.008459,-0.993851,,
141384,2,0.118652,-0.044922,0.782715,120.304878,58.841465,24.329269
141384,3,0.104116,-0.03687,-0.017668,-0.993725,,
141394,2,0.169922,0.084473,0.76416,137.073181,45.975613,23.109756
141394,3,0.106652,-0.031456,-0.028774,-0.993382,,
141404,2,0.020996,-0.020996,0.684082,180.426834,12.256098,38.292683
141404,3,0.109757,-0.027849,-0.042574,-0.992656,,
141414,2,0.258301,0.243164,0.678223,225,-50.304878,92.195122
141414,3,0.117007,-0.029178,-0.061265,-0.99081,,
141424,2,0.604004,0.666992,0.643066,203.658539,-63.170734,124.329269
141424,3,0.127402,-0.033376,-0.080743,-0.987996,,
141434,2,0.766113,0.624512,0.802246,101.463417,-2.378049,90.487808
141434,3,0.136582,-0.034673,-0.091858,-0.985751,,
141444,2,0.64502,0.35791,0.770508,19.024391,61.646343,19.817074
141444,3,0.14044,-0.03074,-0.094351,-0.985104,,
141454,2,0.27002,0.088867,0.922852,0.731707,82.317078,-50.914635
141454,3,0.13808,-0.023707,-0.093704,-0.985693,,
141464,2,0.216309,-0.015625,0.828125,14.939025,79.573174,-65.243904
141464,3,0.133136,-0.016275,-0.093785,-0.986516,,
141473,2,0.26709,-0.096191,0.950684,39.207317,95,-46.524391
141474,3,0.129447,-0.00778,-0.095529,-0.986943,,
141483,2,0.203125,-0.194336,0.95752,74.146339,107.256104,-35.304878
141484,3,0.127175,0.002176,-0.099788,-0.986846,,
141493,2,0.20752,-0.265137,0.95459,116.951225,116.951225,-37.987804
141493,3,0.125018,0.013407,-0.107498,-0.986223,,
141503,2,0.254883,-0.130371,1.040039,162.256104,137.073181,-50.121952
141503,3,0.122028,0.026644,-0.118766,-0.985035,,
141513,2,0.240723,0.100098,1.212891,193.414642,165.731705,-61.158539
141513,3,0.11823,0.0428,-0.132891,-0.983122,,
141523,2,0.217285,0.266602,1.371094,193.414642,167.804886,-79.207321
141523,3,0.113056,0.060045,-0.147526,-0.980739,,
141533,2,0.151855,0.379395,1.411621,164.329269,143.536591,-99.573174
141533,3,0.106037,0.075701,-0.160313,-0.97843,,
141543,2,0.098633,0.381348,1.439941,124.695122,104.756104,-132.926834
141543,3,0.096188,0.088346,-0.169802,-0.976786,,
141553,2,0.083496,0.407715,1.397949,97.68293,66.829269,-161.524399
141553,3,0.083242,0.097822,-0.176765,-0.975836,,
141563,2,0.01416,0.398926,1.299805,71.768295,45.853661,-165.36586
141563,3,0.069202,0.105052,-0.181567,-0.975299,,
141573,2,-0.130859,0.372559,1.20166,43.597561,26.402439,-142.682938
141573,3,0.056525,0.110353,-0.184291,-0.97502,,
141583,2,-0.246094,0.339844,1.065918,35.42683,-13.597561,-110.426834
141583,3,0.046032,0.112233,-0.18592,-0.975048,,
141593,2,-0.336426,0.230469,0.856445,88.963417,-72.926834,-72.743904
141593,3,0.037301,0.108898,-0.191978,-0.974625,,
141603,2,-0.353027,0.147949,0.634766,113.719513,-107.439026,-33.353661
141603,3,0.03093,0.101423,-0.201041,-0.973827,,
141613,2,-0.249512,0.204102,0.506836,132.926834,-113.841469,-10.731708
141613,3,0.026448,0.092465,-0.212057,-0.972514,,
141623,2,-0.120117,0.32666,0.369141,124.756104,-94.085365,2.134146
141623,3,0.023472,0.084247,-0.223348,-0.970807,,
141633,2,-0.177246,0.383789,0.31543,48.292683,-49.329269,-5.060976
141633,3,0.02166,0.079275,-0.229529,-0.969826,,
141643,2,-0.407227,0.22998,0.373535,-25.670732,-29.146341,-35
141643,3,0.018817,0.077281,-0.228613,-0.970263,,
141653,2,-0.418945,0.148926,0.406738,-60.731709,-44.085365,-63.658539
141653,3,0.013485,0.075134,-0.223747,-0.971653,,
141663,2,-0.418945,0.114746,0.423828,-71.890244,-55.42683,-68.353661
141663,3,0.007064,0.072032,-0.217302,-0.973417,,
141673,2,-0.431641,0.120605,0.37207,-66.463417,-57.317074,-61.341465
141673,3,0.00097,0.068473,-0.211151,-0.975052,,
141683,2,-0.535156,0.140137,0.522949,-50.975613,-57.560978,-58.902439
141683,3,-0.004769,0.064898,-0.205828,-0.976422,,
141693,2,-0.558594,0.249023,0.323242,-2.926829,-56.341465,-45.243904
141693,3,-0.010076,0.06103,-0.204445,-0.976922,,
141703,2,-0.583984,0.183594,0.306152,33.963417,-39.939026,-21.341463
141703,3,-0.013312,0.058024,-0.20634,-0.976668,,
141713,2,-0.509277,0.101074,0.301758,83.719513,-29.207317,-13.414635
141713,3,-0.015512,0.05571,-0.212316,-0.975488,,
141723,2,-0.682617,0.060547,0.202148,130.609756,-14.45122,-10.731708
141723,3,-0.017405,0.054447,-0.222311,-0.973299,,
141733,2,-0.723145,0.029785,0.173828,171.097565,-17.865854,-5.609756
141733,3,-0.019212,0.053362,-0.236094,-0.970074,,
141743,2,-0.737793,0.075684,0.168945,208.536591,-38.170734,1.341463
141743,3,-0.020885,0.050555,-0.252862,-0.965955,,
141753,2,-0.695801,0.180176,0.505859,205.426834,-57.5,-3.719512
141753,3,-0.023204,0.046061,-0.270625,-0.961302,,
141763,2,-0.740234,0.149902,0.55127,43.231709,-48.658539,-34.57317
141763,3,-0.027022,0.042218,-0.27807,-0.959252,,
141773,2,-0.788086,-0.012207,0.399902,-99.024391,-10.853659,-85.304878
141773,3,-0.033386,0.042815,-0.271643,-0.960865,,
141783,2,-0.788574,-0.103516,0.354004,-121.158539,3.719512,-131.768295
141783,3,-0.043136,0.046559,-0.260848,-0.963291,,
141789,1,0,0,0,,,
141793,2,-0.823242,-0.080078,0.429688,-86.585365,-2.134146,-157.682938
141793,3,-0.055654,0.050726,-0.251992,-0.964795,,
141803,2,-0.900391,-0.038574,0.54541,-69.329269,-7.865854,-169.451218
141803,3,-0.069676,0.05453,-0.245032,-0.965469,,
141813,2,-0.949219,0.087891,0.746582,-65.731712,-7.378049,-168.780487
141813,3,-0.083895,0.058336,-0.238402,-0.965776,,
141823,2,-0.953613,0.262695,0.942871,-60.670734,-2.743902,-156.036591
141823,3,-0.097278,0.062127,-0.232158,-0.965805,,
141833,2,-1.093262,0.349609,1.097168,-29.390245,40,-127.926834
141833,3,-0.10812,0.067764,-0.228184,-0.96522,,
141843,2,-0.970703,0.349121,0.806152,49.634148,116.646347,-98.170731
141843,3,-0.115184,0.078288,-0.230854,-0.962969,,
141853,2,-1.027344,0.331055,0.808105,85.975609,132.987808,-84.817078
141853,3,-0.120559,0.090678,-0.238354,-0.959391,,
141863,2,-1.021973,0.236328,0.816406,81.646347,135.853668,-86.585365
141863,3,-0.125536,0.103228,-0.246142,-0.95551,,
141873,2,-1.007812,0.102051,0.753906,62.5,135.670731,-105.426834
141873,3,-0.131718,0.116322,-0.252238,-0.951575,,
141883,2,-1.037109,0.022949,0.694336,44.7561,137.073181,-116.585365
141883,3,-0.138784,0.129985,-0.256597,-0.947629,,
141893,2,-1.043457,0.040039,0.634277,31.219513,133.902435,-122.439026
141893,3,-0.14627,0.143829,-0.259558,-0.943688,,
141903,2,-1.105957,0.130371,0.598145,17.865854,117.804878,-130.121948
141903,3,-0.15435,0.156894,-0.261151,-0.939873,,
141913,2,-1.137207,0.244629,0.612793,2.560976,100.304878,-150.914642
141913,3,-0.164026,0.169019,-0.261013,-0.936163,,
141923,2,-1.123535,0.344238,0.660645,-17.195122,90.365852,-177.012192
141923,3,-0.175751,0.180947,-0.258806,-0.93241,,
141933,2,-1.132812,0.367188,0.695312,-44.085365,91.585365,-193.414642
141933,3,-0.188628,0.19347,-0.254155,-0.928652,,
141943,2,-1.133301,0.383789,0.748047,-65.18293,100.670731,-197.621948
141943,3,-0.201385,0.207069,-0.247492,-0.924832,,
141953,2,-1.156738,0.378906,0.767578,-74.451218,107.865852,-202.317078
141953,3,-0.21401,0.221471,-0.239857,-0.920662,,
141963,2,-1.1875,0.336914,0.788086,-75.18293,117.68293,-206.890244
141963,3,-0.22665,0.236624,-0.231914,-0.91589,,
141973,2,-1.216797,0.35498,0.833008,-68.231712,134.207321,-211.585373
141973,3,-0.239381,0.252834,-0.224531,-0.910142,,
141983,2,-1.226074,0.391113,0.880371,-64.756096,151.524399,-218.780487
141983,3,-0.252206,0.27028,-0.217626,-0.903316,,
141993,2,-1.234375,0.487305,0.978027,-58.414635,164.695129,-234.390244
141993,3,-0.265754,0.288827,-0.210989,-0.89523,,
142003,2,-1.240234,0.589844,1.055664,-42.317074,173.780487,-246.646347
142003,3,-0.280394,0.307829,-0.205208,-0.885726,,
142013,2,-1.208984,0.710938,1.094238,-21.219513,175.792694,-244.512207
142013,3,-0.295395,0.326428,-0.200931,-0.875108,,
142023,2,-1.13916,0.833984,1.116699,-3.841464,166.158539,-229.390244
142023,3,-0.309877,0.343501,-0.198173,-0.864124,,
142033,2,-1.091309,0.85498,1.135742,2.073171,155.731705,-211.158539
142033,3,-0.323272,0.358901,-0.19634,-0.853309,,
142043,2,-1.04834,0.835449,1.148438,-6.52439,144.268295,-198.536591
142043,3,-0.33542,0.373185,-0.19411,-0.84294,,
142053,2,-1.001953,0.783691,1.140137,-18.536585,131.951218,-185.243912
142053,3,-0.346339,0.386508,-0.190982,-0.833179,,
142063,2,-0.989258,0.740234,1.165039,-32.5,120,-166.829269
142063,3,-0.355606,0.39891,-0.187006,-0.824284,,
142073,2,-1.007324,0.681152,1.172852,-43.170734,109.329269,-152.86586
142073,3,-0.363397,0.410463,-0.182301,-0.816229,,
142083,2,-1.044922,0.674316,1.163086,-40.792683,107.256104,-153.841461
142083,3,-0.370889,0.421583,-0.177393,-0.808233,,
142093,2,-1.03125,0.730469,1.165527,-24.207317,112.256104,-168.719513
142093,3,-0.37955,0.432561,-0.173072,-0.799299,,
142103,2,-1.130859,0.869141,1.204102,-6.646342,117.926834,-183.780487
142103,3,-0.389792,0.443442,-0.169646,-0.789076,,
142113,2,-1.225098,1.001953,1.266602,-0.731707,107.560982,-186.280487
142113,3,-0.400722,0.453541,-0.166395,-0.778483,,
142123,2,-1.177246,1.066895,1.285156,-2.439024,88.414635,-169.695129
142123,3,-0.410939,0.462043,-0.162992,-0.768817,,
142133,2,-1.124512,1.101074,1.310059,-6.097561,69.390244,-145.182938
142133,3,-0.419596,0.468916,-0.159581,-0.760652,,
142143,2,-1.098145,1.131348,1.338379,-16.768293,56.707317,-124.207321
142143,3,-0.426578,0.474676,-0.155992,-0.753911,,
142153,2,-1.145996,1.211914,1.459473,-31.95122,52.195122,-108.597565
142153,3,-0.431867,0.480266,-0.151893,-0.748174,,
142163,2,-1.22998,1.275391,1.564453,-51.707317,40.670734,-93.658539
142163,3,-0.435473,0.48568,-0.146894,-0.743573,,
142173,2,-1.26709,1.347168,1.727539,-63.414635,22.804878,-79.146347
142173,3,-0.437645,0.490272,-0.140921,-0.740433,,
142183,2,-1.339355,1.399414,2.006836,-62.073174,10.670732,-72.865852
142183,3,-0.439336,0.493818,-0.134713,-0.738227,,
142193,2,-1.304688,1.567871,2.373047,-42.073174,-4.390244,-79.146347
142193,3,-0.441947,0.495843,-0.128756,-0.736372,,
142203,2,-1.378418,2.062988,2.673828,24.207317,-5.365854,-92.804878
142203,3,-0.447825,0.495318,-0.125518,-0.733728,,
142213,2,-1.671387,2.759277,2.721191,99.390244,-3.04878,-75.304878
142213,3,-0.456413,0.491745,-0.127927,-0.730416,,
142223,2,-2.053223,3.445801,2.783203,126.646347,-19.268293,-19.146341
142223,3,-0.463648,0.485131,-0.13491,-0.729025,,
142233,2,-2.395508,3.85791,3.067383,105.731712,-55.792683,44.939026
142233,3,-0.466463,0.476054,-0.142801,-0.731706,,
142243,2,-2.583984,4.212402,3.533691,88.719513,-89.512199,108.048782
142243,3,-0.46478,0.464553,-0.150622,-0.738568,,
142253,2,-2.655762,4.464844,3.838379,104.024391,-115.853661,174.207321
142253,3,-0.459198,0.449831,-0.160407,-0.749039,,
142263,2,-2.814941,4.869629,4.029785,158.109756,-133.414642,241.341476
142263,3,-0.451139,0.430744,-0.174954,-0.76179,,
142273,2,-3.058594,5.260742,4.157715,206.707321,-154.268295,342.073181
142273,3,-0.438841,0.4063,-0.195587,-0.777229,,
142283,2,-3.447266,5.114746,4.395508,218.048782,-178.536591,462.926849
142283,3,-0.418775,0.37686,-0.220556,-0.796216,,
142293,2,-3.817383,4.73877,4.75293,191.463425,-223.292694,567.987793
142293,3,-0.390333,0.342387,-0.245803,-0.81853,,
142303,2,-4.083984,4.283203,5.15332,144.878052,-289.573181,665.670776
142303,3,-0.35358,0.301968,-0.267497,-0.843944,,
142313,2,-3.84082,3.65332,5.388672,112.073174,-365.060974,710.609802
142313,3,-0.311638,0.254784,-0.284215,-0.870165,,
142323,2,-2.790039,2.82959,4.977539,96.158539,-363.292694,633.353699
142323,3,-0.272015,0.20598,-0.29598,-0.892174,,
142333,2,-3.398926,2.186523,5.053223,-58.414635,-283.23172,395.670746
142333,3,-0.243267,0.17053,-0.296677,-0.907592,,
142343,2,-4.197754,1.90332,4.355957,-197.926834,-264.268311,53.536587
142343,3,-0.236729,0.149471,-0.279199,-0.918513,,
142352,2,-4.032715,1.330566,3.364258,-557.378052,-218.658539,-287.256104
142353,3,-0.252716,0.145719,-0.236247,-0.92687,,
142362,2,-2,0.612305,2.310059,-1032.134155,-189.634155,-636.585388
142363,3,-0.289272,0.162135,-0.148777,-0.931608,,
142372,2,-0.008789,0.231934,-0.063965,-1396.219604,-133.841461,-710.365845
142373,3,-0.327368,0.190951,-0.027182,-0.924993,,
142382,2,0.336914,0.162109,-0.59668,-1402.439087,10,-685.243896
142382,3,-0.356833,0.229091,0.099041,-0.900201,,
142392,2,0.16748,0.225586,-0.328613,-1424.024414,81.951218,-686.829285
142392,3,-0.379591,0.270085,0.220212,-0.857003,,
142402,2,0.123535,0.253418,-0.331543,-1449.573242,156.524399,-668.841492
142402,3,-0.39512,0.312294,0.337118,-0.795416,,
142412,2,0.19043,0.358887,-0.395996,-1463.414673,241.951218,-629.329285
142412,3,-0.402248,0.356084,0.444653,-0.716705,,
142422,2,0.157715,0.303711,-0.325684,-1459.268311,315.792694,-588.23175
142422,3,-0.402189,0.3989,0.539393,-0.623024,,
142432,2,0.199219,0.337402,-0.365723,-1468.170776,390.548798,-526.707336
142432,3,-0.394317,0.441,0.61942,-0.516076,,
142442,2,0.151367,0.308105,-0.259277,-1472.804932,455,-458.597565
142442,3,-0.379211,0.481115,0.682595,-0.398464,,
142452,2,0.162598,0.313477,-0.240234,-1483.902466,515.060974,-374.512207
142452,3,-0.357028,0.519,0.727277,-0.272433,,
142462,2,0.125977,0.27002,-0.220215,-1491.707397,565.548767,-281.829285
142462,3,-0.328609,0.553813,0.751956,-0.14089,,
142472,2,0.11084,0.290039,-0.259277,-1497.317139,603.292725,-178.658539
142472,3,-0.294779,0.58485,0.755637,-0.007008,,
142482,2,0.07959,0.302734,-0.216797,-1500.365845,621.951233,-68.597565
142482,3,-0.25631,0.611393,0.738035,0.125651,,
142492,2,0.041016,0.284668,-0.215332,-1503.780518,622.865845,45.975613
142492,3,-0.214145,0.632959,0.69938,0.25368,,
142502,2,-0.021973,0.282715,-0.235352,-1514.573242,604.085388,159.390244
142502,3,-0.168864,0.649101,0.640432,0.374139,,
142512,2,-0.04248,0.27002,-0.288574,-1509.451294,569.756104,269.878052
142512,3,-0.122052,0.659278,0.562614,0.483634,,
142522,2,-0.095215,0.223633,-0.282715,-1498.231689,516.829285,369.695129
142522,3,-0.075371,0.663091,0.468493,0.5789,,
142532,2,-0.126465,0.230957,-0.288574,-1491.890259,448.902435,458.170746
142532,3,-0.029573,0.660522,0.360479,0.65793,,
142542,2,-0.186523,0.235352,-0.276367,-1480.182983,366.097565,531.829285
142542,3,0.014264,0.65174,0.241625,0.71877,,
142552,2,-0.227539,0.219238,-0.271484,-1465.853638,273.048798,588.902466
142552,3,0.055085,0.637121,0.115311,0.760085,,
142562,2,-0.248047,0.219238,-0.260742,-1455.853638,172.804886,627.987793
142562,3,0.092328,0.617133,-0.015439,0.781259,,
142572,2,-0.28418,0.212402,-0.260742,-1446.463501,68.536591,647.804871
142572,3,0.125446,0.592366,-0.147409,0.782061,,
142582,2,-0.296875,0.202637,-0.273926,-1442.317139,-36.646343,649.329285
142582,3,0.154132,0.56343,-0.277722,0.762655,,
142592,2,-0.307129,0.204102,-0.297852,-1440.121948,-140,632.012207
142592,3,0.178073,0.53105,-0.403386,0.72356,,
142602,2,-0.313965,0.203125,-0.281738,-1440.42688,-239.695129,596.768311
142602,3,0.197021,0.49606,-0.521573,0.665622,,
142612,2,-0.304688,0.196777,-0.29541,-1441.219604,-331.646362,543.902466
142612,3,0.210809,0.459344,-0.629506,0.590143,,
142622,2,-0.295898,0.194824,-0.291016,-1443.048828,-413.353668,475
142622,3,0.219379,0.421846,-0.724611,0.498839,,
142632,2,-0.289062,0.200684,-0.314453,-1445,-483.719513,392.743896
142632,3,0.222697,0.384538,-0.804647,0.39378,,
142642,2,-0.271484,0.204102,-0.297363,-1447.012207,-541.585388,300.060974
142642,3,0.220693,0.34838,-0.867742,0.277368,,
142652,2,-0.223145,0.203613,-0.30127,-1447.134155,-584.695129,198.292694
142652,3,0.213409,0.314324,-0.912381,0.152318,,
142662,2,-0.200195,0.203125,-0.318359,-1445.487793,-612.195129,90
142662,3,0.201006,0.283303,-0.93747,0.02168,,
142672,2,-0.171387,0.208496,-0.321777,-1441.036621,-623.170776,-21.158537
142672,3,0.183714,0.2561,-0.942471,-0.111329,,
142682,2,-0.137695,0.199219,-0.301758,-1433.597534,-617.256104,-132.621948
142682,3,0.16192,0.233398,-0.927377,-0.243439,,
142692,2,-0.102539,0.216309,-0.284668,-1425.121948,-594.390259,-241.768295
142692,3,0.136137,0.215765,-0.892693,-0.371476,,
142702,2,-0.05957,0.208984,-0.30127,-1414.024414,-555.060974,-344.085388
142702,3,0.107038,0.203513,-0.839452,-0.492372,,
142712,2,-0.026855,0.200684,-0.29248,-1400.487793,-499.939026,-438.048798
142712,3,0.075386,0.196883,-0.769185,-0.603236,,
142722,2,0.004395,0.200684,-0.291504,-1387.621948,-431.402435,-521.280518
142722,3,0.042019,0.195964,-0.683724,-0.701669,,
142732,2,0.049316,0.199707,-0.293945,-1375.731689,-351.646362,-591.219543
142732,3,0.007815,0.200643,-0.585178,-0.785642,,
142742,2,0.074707,0.202148,-0.294434,-1366.646362,-262.926849,-646.097595
142742,3,-0.026276,0.210659,-0.475757,-0.853565,,
142752,2,0.102539,0.192383,-0.308105,-1361.646362,-167.317078,-684.817078
142752,3,-0.059291,0.225664,-0.357733,-0.904197,,
142762,2,0.134277,0.18457,-0.317383,-1358.231689,-67.621956,-706.646362
142762,3,-0.090295,0.245245,-0.233621,-0.93654,,
142772,2,0.147461,0.185547,-0.29248,-1359.756104,33.414635,-711.829285
142772,3,-0.118387,0.268871,-0.10591,-0.94998,,
142782,2,0.163086,0.180664,-0.297852,-1364.69519,134.085373,-699.878052
142782,3,-0.142703,0.296004,0.022877,-0.944182,,
142792,2,0.180176,0.19043,-0.289062,-1370.914673,232.5,-670
142792,3,-0.162412,0.32611,0.149881,-0.919127,,
142802,2,0.183594,0.209961,-0.308105,-1378.231689,326.158539,-623.170776
142802,3,-0.17682,0.358573,0.272235,-0.875233,,
142812,2,0.203613,0.179688,-0.297852,-1382.317139,412.5,-559.634155
142812,3,-0.185428,0.392795,0.38679,-0.813453,,
142822,2,0.16748,0.21582,-0.325684,-1397.561035,486.524414,-482.256104
142822,3,-0.187587,0.427988,0.491448,-0.734915,,
142832,2,0.161133,0.219727,-0.345215,-1404.756104,548.23175,-391.402435
142832,3,-0.183082,0.463415,0.583342,-0.641423,,
142842,2,0.132812,0.225586,-0.352051,-1409.756104,595,-291.951233
142842,3,-0.172105,0.498147,0.660049,-0.535303,,
142842,1,0,0,0,,,
142852,2,0.109863,0.231445,-0.355469,-1415,626.036621,-185.609756
142852,3,-0.154835,0.531435,0.719731,-0.419017,,
142862,2,0.077148,0.236816,-0.352539,-1417.012207,640.914673,-77.073174
142862,3,-0.13178,0.562415,0.76095,-0.295402,,
142872,2,0.04541,0.235352,-0.324707,-1418.170776,640,31.158537
142872,3,-0.103624,0.590292,0.782811,-0.167357,,
142882,2,0.019043,0.245605,-0.304199,-1420.792725,624.573181,136.463425
142882,3,-0.071087,0.614369,0.784896,-0.03769,,
142892,2,-0.047363,0.268555,-0.303223,-1421.036621,596.585388,237.560974
142892,3,-0.0351,0.633995,0.767179,0.090765,,
142902,2,-0.05957,0.282715,-0.307129,-1411.097534,558.109741,332.926849
142902,3,0.002784,0.64865,0.730148,0.21474,,
142912,2,-0.086426,0.282715,-0.279297,-1403.170776,507.743927,420.121948
142912,3,0.041422,0.657979,0.674869,0.331488,,
142922,2,-0.124512,0.276367,-0.256836,-1399.024414,446.585388,498.048798
142922,3,0.080146,0.661723,0.602619,0.438786,,
142932,2,-0.147949,0.268066,-0.254883,-1394.268311,375.853668,564.878052
142932,3,0.118112,0.659681,0.51507,0.534376,,
142942,2,-0.186523,0.237305,-0.246094,-1387.134155,297.621948,619.878052
142942,3,0.154223,0.65185,0.414373,0.616105,,
142952,2,-0.210938,0.23584,-0.251465,-1380.609741,212.134155,661.46344
142952,3,0.18777,0.638395,0.302839,0.682251,,
142962,2,-0.242676,0.230469,-0.245605,-1372.012207,120.853661,688.109802
142962,3,0.218039,0.619689,0.183157,0.731357,,
142972,2,-0.255859,0.21582,-0.228516,-1364.573242,25.670732,700.121948
142972,3,0.24447,0.596277,0.058067,0.762431,,
142982,2,-0.271484,0.202637,-0.224609,-1361.158569,-70.853661,696.768311
142982,3,0.266755,0.568728,-0.069877,0.774915,,
142992,2,-0.273438,0.166016,-0.250977,-1358.414673,-165.609756,676.280518
142992,3,0.284672,0.537687,-0.197821,0.768575,,
143002,2,-0.290527,0.165039,-0.271484,-1360.061035,-256.707336,641.951233
143002,3,0.298048,0.503824,-0.323193,0.743546,,
143012,2,-0.29248,0.157715,-0.291504,-1364.512207,-343.780487,592.378052
143012,3,0.306792,0.467952,-0.443414,0.700192,,
143022,2,-0.28125,0.161621,-0.312988,-1372.743896,-424.817078,528.292725
143022,3,0.310861,0.43097,-0.555991,0.639132,,
143032,2,-0.273926,0.164551,-0.360352,-1382.92688,-496.951233,449.634155
143032,3,0.310302,0.393825,-0.658423,0.561318,,
143042,2,-0.258301,0.163574,-0.376465,-1391.341553,-557.195129,358.414642
143042,3,0.305136,0.357532,-0.748154,0.468309,,
143052,2,-0.231445,0.175781,-0.372559,-1397.92688,-601.707336,256.707336
143052,3,0.29555,0.323033,-0.822863,0.362189,,
143062,2,-0.208496,0.185547,-0.390137,-1400.548828,-630.243896,147.439026
143062,3,0.281765,0.291368,-0.880566,0.245565,,
143072,2,-0.175781,0.202148,-0.381348,-1402.317139,-641.097595,35.548782
143072,3,0.264153,0.263259,-0.919898,0.121203,,
143082,2,-0.132324,0.221191,-0.360352,-1401.280518,-635,-76.036591
143082,3,0.2431,0.239343,-0.939968,-0.00784,,
143092,2,-0.092285,0.239258,-0.354004,-1398.597534,-612.012207,-183.658539
143092,3,0.219118,0.220111,-0.940406,-0.13842,,
143102,2,-0.062012,0.254395,-0.335449,-1392.19519,-573.597595,-285.121948
143102,3,0.192716,0.205918,-0.921397,-0.267342,,
143112,2,-0.033203,0.279297,-0.310059,-1386.341553,-521.646362,-376.646362
143112,3,0.164519,0.196845,-0.883601,-0.391688,,
143122,2,0.001465,0.274902,-0.305176,-1378.414673,-458.292694,-457.378052
143122,3,0.135129,0.1929,-0.828122,-0.508654,,
143132,2,0.036133,0.291504,-0.279785,-1371.341553,-385.365875,-526.036621
143132,3,0.105196,0.193954,-0.756398,-0.615762,,
143142,2,0.051758,0.263672,-0.257324,-1364.085449,-305.670746,-581.768311
143142,3,0.075319,0.19976,-0.670162,-0.710839,,
143152,2,0.081055,0.255859,-0.229492,-1358.170776,-220.36586,-623.475647
143152,3,0.046134,0.209983,-0.57134,-0.792045,,
143162,2,0.09668,0.241211,-0.216797,-1351.646362,-131.097565,-650.975647
143162,3,0.018311,0.224242,-0.462182,-0.857761,,
143172,2,0.124512,0.20459,-0.191895,-1346.829346,-40.731709,-664.817078
143172,3,-0.007577,0.242099,-0.345037,-0.906789,,
143182,2,0.126953,0.193359,-0.206543,-1347.804932,50,-664.817078
143182,3,-0.030896,0.26307,-0.221946,-0.938385,,
143192,2,0.128906,0.180176,-0.209961,-1347.621948,140.731705,-650
143192,3,-0.051014,0.286758,-0.095525,-0.951855,,
143202,2,0.146973,0.157715,-0.230957,-1348.658569,229.085373,-621.524414
143202,3,-0.067435,0.312712,0.031575,-0.946918,,
143212,2,0.150879,0.141113,-0.261719,-1351.402466,314.085388,-579.268311
143212,3,-0.079671,0.340534,0.15682,-0.923625,,
143222,2,0.154297,0.133301,-0.290039,-1355.914673,393.963409,-523.658569
143222,3,-0.087334,0.369808,0.277626,-0.88234,,
143231,2,0.137207,0.138184,-0.321289,-1362.073242,466.158539,-455.121948
143232,3,-0.090071,0.400059,0.391439,-0.823772,,
143241,2,0.144043,0.136719,-0.34082,-1368.475586,528.353699,-375.121948
143242,3,-0.087693,0.430716,0.495752,-0.749006,,
143251,2,0.126953,0.13623,-0.371582,-1373.109741,578.96344,-283.902435
143251,3,-0.080135,0.461227,0.588053,-0.659566,,
143261,2,0.099609,0.191406,-0.396484,-1379.024414,616.097595,-182.073181
143261,3,-0.067315,0.491123,0.666074,-0.557313,,
143271,2,0.07666,0.231445,-0.402832,-1383.841553,637.865845,-74.085365
143271,3,-0.049377,0.519841,0.727867,-0.444434,,
143281,2,0.030762,0.277832,-0.410156,-1386.951294,642.865845,37.92683
143281,3,-0.026675,0.546756,0.771801,-0.323505,,
143291,2,0.005371,0.283691,-0.441895,-1387.256104,630,148.414642
143291,3,0.000286,0.571186,0.796726,-0.197383,,
143301,2,-0.027344,0.287598,-0.417969,-1383.719604,598.109741,252.987808
143301,3,0.030825,0.592331,0.802105,-0.069325,,
143311,2,-0.063477,0.307129,-0.368652,-1379.756104,550.426819,349.024384
143311,3,0.064295,0.609566,0.78801,0.057626,,
143321,2,-0.092285,0.307129,-0.311523,-1374.634155,490.243927,431.829285
143321,3,0.099885,0.622245,0.755114,0.180619,,
143331,2,-0.124023,0.303223,-0.269531,-1372.682983,421.158539,501.524414
143331,3,0.136828,0.629844,0.704442,0.29719,,
143341,2,-0.147949,0.318848,-0.246094,-1367.073242,347.743896,557.134155
143341,3,0.174118,0.631923,0.637444,0.404978,,
143351,2,-0.17041,0.306152,-0.233887,-1358.048828,275.304871,599.939026
143351,3,0.210261,0.628241,0.556062,0.50188,,
143361,2,-0.189941,0.307617,-0.208496,-1354.207397,202.682938,631.402466
143361,3,0.244531,0.618608,0.462131,0.586472,,
143371,2,0.007812,1.028809,0.271973,-1352.865845,126.219513,651.707336
143371,3,0.276336,0.603116,0.357484,0.657328,,
143381,2,2.069336,1.474609,1.888184,-1465.365845,60.914635,210.36586
143381,3,0.325782,0.571896,0.257734,0.707362,,
143391,2,-0.524902,0.484863,-0.005859,-17.92683,224.024399,-114.817078
143391,3,0.350054,0.537197,0.230027,0.732099,,
143401,2,-11.266602,12.553711,15.999512,362.317078,685.487793,-77.012199
143401,3,0.35421,0.520459,0.271125,0.728112,,
143411,2,-3.336426,4.382324,8.630371,877.317078,-186.402451,-135.182922
143411,3,0.327895,0.544847,0.301783,0.710319,,
143421,2,0.210449,0.135742,1.761719,675.975647,-340.73172,-49.573174
143421,3,0.306282,0.579459,0.339357,0.674726,,
143431,2,-0.15625,-0.598145,0.103027,511.951233,-433.902435,-20.121952
143431,3,0.292119,0.615776,0.361909,0.636009,,
143441,2,-0.605469,0.094238,0.288086,291.402435,-412.073181,43.719513
143441,3,0.287686,0.648325,0.364429,0.603409,,
143451,2,-0.776367,0.915527,0.722168,76.890244,-290.609772,13.963415
143451,3,0.290103,0.668281,0.362022,0.581533,,
143461,2,0.888184,1.306152,-0.514648,73.170731,-129.024399,45.609756
143461,3,0.290772,0.67913,0.358741,0.57056,,
143471,2,1.219238,2.740234,-0.01709,207.073181,74.390244,72.5
143471,3,0.275062,0.684572,0.364011,0.568505,,
143481,2,0.859863,1.943848,1.244141,164.634155,137.195129,33.719513
143481,3,0.25803,0.683284,0.374042,0.571521,,
143491,2,0.433594,1.841797,0.76709,50.365856,52.560978,4.207317
143491,3,0.250559,0.680669,0.378619,0.574941,,
143501,2,0.910645,1.420898,0.412109,-57.5,-28.353659,-45.487804
143501,3,0.256876,0.680505,0.377248,0.573246,,
143511,2,0.648926,2.994629,0.826172,-33.658539,-72.195122,-133.902435
143511,3,0.26643,0.678653,0.380896,0.56865,,
143521,2,0.939941,2.96875,1.493652,-68.048782,-87.439026,-119.146347
143521,3,0.2826,0.676701,0.381596,0.56267,,
143531,2,0.91748,2.989258,2.030273,-38.231709,-15.731708,-73.475609
143531,3,0.290834,0.673115,0.383935,0.561183,,
143541,2,0.708984,2.654785,2.573242,-64.512199,-53.170734,14.817074
143541,3,0.296293,0.672663,0.380595,0.561144,,
143551,2,0.413086,1.699219,2.291016,18.353659,-132.926834,58.475613
143551,3,0.299333,0.678412,0.373334,0.557475,,
143561,2,0.408203,1.254395,1.287598,218.597565,-227.987808,39.939026
143561,3,0.294012,0.693539,0.373226,0.541537,,
143571,2,0.265625,0.989258,0.584961,423.048798,-289.573181,-18.475611
143571,3,0.280873,0.715173,0.383334,0.512535,,
143581,2,-0.095215,0.951172,-0.259277,635.853699,-318.902435,-62.2561
143581,3,0.256939,0.740176,0.404508,0.471693,,
143591,2,-0.067383,0.874023,-0.061035,548.414673,-432.012207,-99.451225
143591,3,0.235511,0.765369,0.425458,0.42158,,
143601,2,-0.519531,1.308105,-0.075195,129.451218,-548.841492,-198.414642
143601,3,0.245303,0.78177,0.434725,0.373732,,
143611,2,-1.667969,3.675781,-6.973633,-248.597565,-444.207336,-171.402451
143611,3,0.280249,0.786987,0.433512,0.337905,,
143621,2,-1.399414,2.64209,-0.816406,-860.182922,-45,153.170731
143621,3,0.330689,0.771473,0.404994,0.362563,,
143631,2,-0.623535,0.531738,0.812988,-235.73172,122.5,234.939026
143631,3,0.347808,0.762036,0.380687,0.391674,,
143641,2,0.146973,0.820801,0.48291,44.817074,-2.682927,199.817078
143641,3,0.338572,0.76835,0.368235,0.399262,,
143651,2,0.874512,1.057617,0.078125,-13.04878,-66.463417,178.292694
143651,3,0.334699,0.775548,0.353982,0.401496,,
143661,2,1.072266,0.873535,0.15625,86.097565,-108.109756,160.060974
143661,3,0.327578,0.785754,0.341861,0.398014,,
143671,2,1.04248,1.152344,-0.022949,105.914635,-146.219513,122.134148
143671,3,0.319898,0.797184,0.332239,0.389591,,
143681,2,0.940918,1.291992,-0.238281,105.731712,-170.975616,88.719513
143681,3,0.314077,0.80831,0.324323,0.377896,,
143691,2,0.806152,1.406738,-0.171387,136.219513,-186.158539,70.548782
143691,3,0.308102,0.819559,0.318026,0.363669,,
143701,2,0.832031,0.854004,-0.751465,169.573181,-197.926834,53.231709
143701,3,0.299107,0.83174,0.313924,0.346692,,
143711,2,0.439453,1.529785,-0.539551,134.634155,-212.256104,24.024391
143711,3,0.293828,0.842259,0.310442,0.328468,,
143721,2,0.102051,1.717773,-0.772461,133.048782,-174.390244,48.597561
143721,3,0.288708,0.85167,0.30648,0.31205,,
143731,2,-0.070312,1.567383,-0.65332,80.060974,-102.073174,53.414635
143731,3,0.28447,0.858349,0.301931,0.301912,,
143741,2,0.232422,1.463379,-0.645996,124.329269,-54.7561,62.68293
143741,3,0.276661,0.864129,0.298736,0.295797,,
143751,2,0.578125,1.604004,-0.703613,189.756104,-58.597561,62.439026
143751,3,0.263416,0.871237,0.297257,0.288437,,
143761,2,0.683105,1.570801,-0.708496,213.414642,-71.890244,56.036587
143761,3,0.248103,0.878973,0.296431,0.279249,,
143771,2,0.640137,1.576172,-0.873047,252.378052,-80.304878,39.634148
143771,3,0.230885,0.886864,0.297101,0.268132,,
143781,2,0.519531,1.497559,-1.037109,273.902435,-94.085365,17.743902
143781,3,0.211653,0.894703,0.299792,0.254624,,
143791,2,0.484863,1.456543,-1.04834,219.451218,-113.780487,-3.109756
143791,3,0.19637,0.901193,0.302854,0.239936,,
143791,1,0,0,0,,,
143801,2,0.436523,1.38623,-1.166016,188.292694,-103.048782,-6.097561
143801,3,0.18438,0.906356,0.305471,0.226297,,
143811,2,0.420898,1.268555,-1.167969,179.878052,-64.329269,-2.256098
143811,3,0.172299,0.910464,0.308123,0.215472,,
143821,2,0.418945,1.159668,-1.183594,168.170731,-27.865854,4.02439
143821,3,0.159858,0.913556,0.310674,0.208189,,
143831,2,0.495605,0.966309,-1.144043,143.170731,-16.219513,-5.121951
143831,3,0.148471,0.915841,0.313246,0.202654,,
143841,2,0.577148,0.82959,-1.185547,97.743904,-8.902439,-25.243902
143841,3,0.140541,0.916808,0.316617,0.198657,,
143851,2,0.475586,0.785645,-1.008789,84.451225,1.768293,-43.841465
143851,3,0.134521,0.916711,0.321232,0.195843,,
143861,2,0.331543,0.671875,-0.951172,102.134148,5.243903,-48.292683
143861,3,0.127636,0.916314,0.326748,0.193167,,
143871,2,0.312012,0.602051,-0.927246,128.719513,-1.52439,-54.390244
143871,3,0.118717,0.91612,0.333013,0.18903,,
143881,2,0.294434,0.618164,-0.878906,132.439026,-2.378049,-53.902439
143881,3,0.109086,0.915885,0.33951,0.184361,,
143891,2,0.200684,0.524902,-0.923828,119.085365,4.02439,-45.731709
143891,3,0.10007,0.915517,0.345313,0.180481,,
143901,2,0.245117,0.504883,-0.876953,106.219513,10.731708,-30
143901,3,0.091798,0.915232,0.349831,0.177601,,
143911,2,0.427734,0.504395,-0.717285,122.68293,0.365854,-8.536586
143911,3,0.082552,0.915602,0.352855,0.174217,,
143921,2,0.541016,0.516113,-0.931152,125.060982,-8.414635,26.280489
143921,3,0.072631,0.917019,0.353319,0.170199,,
143931,2,0.139648,0.341797,-1.091309,152.5,-37.378048,37.134148
143931,3,0.061464,0.919434,0.352023,0.164145,,
143941,2,0.341797,0.331543,-1.054688,156.646347,-48.048782,34.695122
143941,3,0.049806,0.921927,0.351547,0.154869,,
143951,2,0.452637,0.53125,-1.201172,101.219513,54.024391,66.524391
143951,3,0.038751,0.923809,0.348514,0.153668,,
143961,2,0.515625,0.624512,-1.524902,-27.621952,129.268295,62.804878
143961,3,0.033425,0.924352,0.343225,0.163254,,
143971,2,1.310059,0.808594,-1.388184,-118.353661,-10,-65.548782
143971,3,0.041532,0.922502,0.344131,0.16982,,
143981,2,0.751953,0.913574,-1.212402,-20.731709,-207.439026,-150.609756
143981,3,0.05248,0.920505,0.353711,0.157495,,
143991,2,0.305664,0.665527,-1.240234,-55.853661,-215.487808,-131.585373
143991,3,0.064626,0.91867,0.363464,0.140578,,
144001,2,0.092285,0.648926,-1.007324,-82.743904,-190.243912,-99.329269
144001,3,0.078747,0.917084,0.369725,0.126721,,
144011,2,0.051758,0.718262,-0.887207,-67.378052,-149.329269,-78.902443
144011,3,0.090977,0.915459,0.374525,0.115714,,
144021,2,0.116699,0.629883,-0.76709,-39.939026,-111.829269,-54.695122
144021,3,0.099412,0.914221,0.377939,0.107141,,
144031,2,0.020996,0.65918,-0.700195,-11.768293,-85.487808,-33.231709
144031,3,0.104409,0.913615,0.379959,0.100189,,
144041,2,0.004883,0.663574,-0.737305,-6.219512,-53.780491,-26.829269
144041,3,0.107448,0.913115,0.381587,0.095224,,
144051,2,0.029785,0.67627,-0.714844,-5.853659,-9.512196,-23.353659
144051,3,0.109056,0.912405,0.383225,0.09361,,
144061,2,0.064453,0.592773,-0.717285,4.695122,24.756098,-25.365854
144061,3,0.108767,0.911401,0.385396,0.094803,,
144071,2,0.089844,0.587891,-0.722168,18.353659,41.890244,-20.914635
144071,3,0.106617,0.910427,0.387698,0.09719,,
144081,2,0.133789,0.567871,-0.694824,31.524391,45.487804,-5.121951
144081,3,0.103042,0.909957,0.389091,0.099842,,
144091,2,0.157715,0.611816,-0.715332,36.097561,41.463417,6.585366
144091,3,0.098885,0.910016,0.389435,0.102145,,
144100,2,0.190918,0.66748,-0.73877,37.865856,38.963417,8.47561
144101,3,0.094661,0.910243,0.389411,0.104194,,
144110,2,0.217773,0.740723,-0.755371,40.731709,34.512196,6.036585
144111,3,0.090384,0.910437,0.38952,0.105871,,
144120,2,0.273438,0.820312,-0.809082,40.792683,32.804878,-1.890244
144120,3,0.086223,0.910444,0.390077,0.107223,,
144130,2,0.242188,0.771484,-0.766602,51.890244,39.573174,-21.95122
144130,3,0.081519,0.909851,0.392071,0.108656,,
144140,2,0.261719,0.699219,-0.748047,82.68293,36.219513,-46.280487
144140,3,0.074922,0.908557,0.396278,0.108972,,
144150,2,0.228516,0.626953,-0.736328,112.378052,27.195122,-62.621952
144150,3,0.066151,0.906891,0.402047,0.10738,,
144160,2,0.122559,0.473633,-0.791992,141.097565,21.829269,-74.268295
144160,3,0.055563,0.904817,0.409105,0.104172,,
144170,2,0.083008,0.375,-0.838867,135.36586,28.963415,-95.548782
144170,3,0.044464,0.901972,0.417486,0.100877,,
144180,2,0.012207,0.276367,-0.871094,71.280487,40.365856,-117.68293
144180,3,0.037042,0.897789,0.42729,0.100135,,
144190,2,0.140625,0.152832,-0.938477,-37.804878,43.536587,-112.68293
144190,3,0.037221,0.892991,0.436424,0.10352,,
144200,2,0.301758,0.046875,-1.017578,-135.36586,39.512196,-67.073174
144200,3,0.045323,0.8891,0.441783,0.110794,,
144210,2,0.102539,0.205566,-0.835449,-165.548782,31.402439,-20.182928
144210,3,0.056616,0.886916,0.442584,0.119558,,
144220,2,0.120117,0.262695,-0.73877,-196.036591,12.926829,-9.329268
144220,3,0.070593,0.885253,0.441526,0.128056,,
144230,2,0.157227,0.289551,-0.664062,-210.426834,10,10.609756
144230,3,0.08649,0.883867,0.43879,0.136976,,
144240,2,0.118652,0.412598,-0.599121,-195.731705,16.097561,20.731709
144240,3,0.10108,0.882809,0.43489,0.145953,,
144250,2,0.1875,0.489258,-0.683105,-175,-7.439024,14.085366
144250,3,0.114898,0.881636,0.43135,0.153144,,
144260,2,0.104492,0.449707,-0.775391,-161.402435,-31.585367,28.475611
144260,3,0.128267,0.881159,0.427003,0.157401,,
144270,2,0.029785,0.455078,-0.73291,-191.280487,-26.95122,29.207317
144270,3,0.142838,0.880562,0.421755,0.162268,,
144280,2,0.03418,0.434082,-0.648438,-281.219513,-20.182928,11.280488
144280,3,0.16306,0.878054,0.416537,0.170085,,
144290,2,0.007812,0.431152,-0.594238,-404.573181,-30.060976,3.780488
144290,3,0.192393,0.872831,0.410082,0.181614,,
144300,2,0.030762,0.539062,-0.547852,-526.158569,-57.987804,6.463415
144300,3,0.231948,0.864626,0.400533,0.195436,,
144310,2,0.214844,0.664062,-0.003906,-563.292725,-62.987808,15.426829
144310,3,0.27613,0.853767,0.388138,0.210196,,
144320,2,0.275879,0.821289,0.030273,-549.146362,-5.060976,40.975609
144320,3,0.317567,0.840691,0.374512,0.228321,,
144330,2,0.260254,1.041504,0.104492,-540.975647,92.926834,36.951221
144330,3,0.354579,0.824493,0.361836,0.25211,,
144340,2,0.231445,0.787109,0.007812,-424.390259,177.804886,18.170732
144340,3,0.38241,0.806327,0.354597,0.279034,,
144350,2,0.225586,0.914551,-0.231934,-251.585373,179.024399,26.158537
144350,3,0.396644,0.792355,0.351897,0.301687,,
144360,2,0.370605,0.940918,-0.381348,-117.926834,137.317078,52.743904
144360,3,0.401086,0.784542,0.349858,0.318157,,
144370,2,0.435547,0.810059,-0.339355,-55.975613,77.987808,61.524391
144370,3,0.400991,0.78147,0.347049,0.328736,,
144380,2,0.192383,0.910156,-0.049805,-155.121948,37.987804,36.829269
144380,3,0.406342,0.777267,0.342235,0.337073,,
144390,2,0.358398,1.413574,-0.220215,-246.646347,8.658537,15.487805
144390,3,0.420816,0.769164,0.334452,0.345604,,
144400,2,0.120605,0.95752,-0.032227,-208.170731,0.670732,-26.158537
144400,3,0.436454,0.760054,0.328341,0.352163,,
144410,2,0.191406,1.055176,0.036621,-148.597565,13.353659,-43.841465
144410,3,0.448308,0.752242,0.326502,0.355737,,
144420,2,0.13623,1.081543,0.046387,-158.109756,25.42683,-44.146343
144420,3,0.459037,0.744218,0.325558,0.359773,,
144430,2,0.166016,0.929199,-0.024902,-187.926834,33.231709,-39.268295
144430,3,0.470944,0.734831,0.323878,0.365154,,
144440,2,0.306152,1.133789,-0.177246,-200.487808,36.402439,-34.146343
144440,3,0.484023,0.724135,0.321096,0.371817,,
144450,2,0.25,0.975586,0.068848,-170.182938,25.853659,-37.012196
144450,3,0.495521,0.714557,0.318797,0.377142,,
144460,2,0.178711,0.98584,0.009277,-161.280487,9.878049,-39.329269
144460,3,0.506617,0.705765,0.316498,0.380872,,
144470,2,-0.055664,0.907715,-0.020508,-162.560974,-30.853659,-22.621952
144470,3,0.518208,0.698328,0.311755,0.382894,,
144480,2,0.011719,0.99707,0.03418,-175.731705,-28.292683,-39.024391
144480,3,0.53042,0.690746,0.306783,0.383939,,
144490,2,0.134277,1.07666,0.241211,-228.536591,-20.670732,-41.768295
144490,3,0.545392,0.680145,0.301191,0.386308,,
144500,2,-0.050781,0.826172,0.261719,-276.463409,-7.439024,-45.975613
144500,3,0.562901,0.666437,0.294167,0.390474,,
144510,2,-0.015137,0.984863,0.323242,-288.841461,-4.329268,-77.012199
144510,3,0.582071,0.650395,0.288201,0.393852,,
144520,2,0.078613,1.10498,0.331543,-297.134155,1.280488,-73.719513
144520,3,0.601372,0.633064,0.282328,0.397331,,
144530,2,0.128418,1.117676,0.352539,-320.487823,-2.012195,-47.073174
144530,3,0.620494,0.614936,0.27429,0.402002,,
144540,2,0.100586,1.134277,0.378418,-335,-4.02439,-1.280488
144540,3,0.638713,0.596332,0.263062,0.408942,,
144550,2,0.195801,1.078613,0.419434,-345.304901,-17.37805,43.475613
144550,3,0.655354,0.578167,0.248267,0.417848,,
144560,2,0.077637,1.016113,0.491211,-380.975616,-26.829269,66.646339
144560,3,0.67208,0.558791,0.230004,0.427972,,
144570,2,0.059082,0.801758,0.486328,-426.829285,-27.865854,65.365852
144570,3,0.690014,0.536314,0.209471,0.438599,,
144580,2,0.049805,0.666504,0.483398,-473.841461,-38.841465,61.402439
144580,3,0.709483,0.510317,0.1865,0.448807,,
144590,2,0.150879,0.62793,0.543457,-476.585388,-41.280487,63.048782
144590,3,0.728491,0.482756,0.162161,0.458205,,
144600,2,0.186035,0.465332,0.541504,-428.780487,-23.902439,73.658539
144600,3,0.744293,0.456184,0.13944,0.467418,,
144610,2,0.119141,0.520996,0.355957,-341.341461,-23.780489,79.817078
144610,3,0.755403,0.434144,0.120003,0.475903,,
144620,2,0.007812,1.115234,0.441406,-288.841461,-49.085365,51.890244
144620,3,0.764091,0.416858,0.102667,0.481511,,
144630,2,-0.257324,0.494629,0.44873,-338.048798,-87.804878,-31.219513
144630,3,0.776697,0.398679,0.084504,0.480267,,
144640,2,-0.112793,0.45752,0.880371,-326.951233,-108.292686,-31.219513
144640,3,0.790372,0.379309,0.064405,0.476747,,
144650,2,-0.251953,0.25293,0.901855,-221.036591,-124.268295,-39.817074
144650,3,0.800582,0.366485,0.046923,0.471758,,
144660,2,-0.072266,0.410156,0.980469,-90.426834,-128.780487,-115.548782
144660,3,0.808748,0.362973,0.036145,0.461379,,
144670,2,0.182129,0.393555,0.995117,-51.829269,-118.780487,-179.024399
144670,3,0.81752,0.363099,0.030678,0.445958,,
144680,2,0.288086,0.447754,0.897949,-50.42683,-109.024391,-194.878052
144680,3,0.826864,0.36308,0.026826,0.428659,,
144690,2,0.133789,0.487793,0.76416,-36.341465,-97.256104,-164.756104
144690,3,0.83487,0.363322,0.023647,0.412832,,
144700,2,0.347656,0.744141,0.779297,-42.2561,-55.792683,-89.939026
144700,3,0.840159,0.36274,0.020733,0.402645,,
144710,2,0.239258,0.67627,0.782715,-80,-3.597561,1.219512
144710,3,0.843108,0.358171,0.017836,0.400704,,
144720,2,-0.037598,0.432617,0.851074,-116.585365,13.658537,63.414635
144720,3,0.844717,0.349709,0.01336,0.404943,,
144730,2,0.044434,0.307129,0.993164,-118.536591,18.963415,85.060974
144730,3,0.845401,0.340164,0.008087,0.411728,,
144740,2,0.004395,0.286133,1.000977,-99.695122,-3.902439,83.292686
144740,3,0.845488,0.332176,0.002026,0.418097,,
144750,2,0.069824,0.29248,0.971191,-75.243904,-18.475611,67.621956
144750,3,0.845238,0.326545,-0.004159,0.422994,,
144760,2,0.114746,0.343262,0.939941,-52.804878,-18.414635,50.975613
144760,3,0.844909,0.322785,-0.009239,0.426443,,
144770,2,0.080566,0.38623,0.893066,-17.865854,-4.02439,45.975613
144770,3,0.843972,0.320926,-0.012172,0.429616,,
144780,2,0.089355,0.384766,0.853516,5.670732,22.5,48.475613
144780,3,0.842191,0.320292,-0.012233,0.433564,,
144790,2,0.059082,0.32666,0.824219,3.231707,46.158539,47.865856
144790,3,0.840273,0.318996,-0.010338,0.438263,,
144800,2,-0.080078,0.299316,0.752441,-17.317074,53.414635,40.914635
144800,3,0.839025,0.315913,-0.008012,0.442914,,
144810,2,0,0.246582,0.783203,-24.390244,16.341463,36.707317
144810,3,0.838327,0.312981,-0.008008,0.446303,,
144820,2,0.080566,0.25,0.777344,-14.146341,3.04878,33.902439
144820,3,0.837468,0.311364,-0.009166,0.449017,,
144830,2,0.097656,0.260742,0.833008,-14.695123,11.890244,29.146341
144830,3,0.836694,0.309913,-0.009853,0.451443,,
144840,2,0.079102,0.172852,0.86084,-21.829269,30.670732,29.634148
144840,3,0.836156,0.307199,-0.009522,0.454292,,
144842,1,0,0,0,,,
144850,2,0.056641,0.157227,0.901855,-19.817074,41.341465,28.414635
144850,3,0.835622,0.303932,-0.008236,0.457485,,
144860,2,0.080566,0.189941,0.942871,-14.207317,43.902439,23.109756
144860,3,0.835128,0.300857,-0.006311,0.460441,,
144870,2,0.062988,0.206055,0.972656,-8.231708,39.695122,21.524391
144870,3,0.834582,0.298296,-0.004234,0.463114,,
144880,2,0.06543,0.21582,0.958496,-6.341464,39.512196,24.87805
144880,3,0.833848,0.296062,-0.002248,0.465876,,
144890,2,0.087891,0.26709,0.938965,-9.02439,38.353661,30.42683
144890,3,0.8329,0.293708,-0.000478,0.469055,,
144900,2,0.07959,0.276367,0.938965,-16.036585,45.121952,35.304878
144900,3,0.831887,0.290822,0.001235,0.472636,,
144910,2,0.182129,0.10498,0.96582,-45.182926,52.073174,31.95122
144910,3,0.831482,0.285883,0.002652,0.476342,,
144920,2,-0.088867,0.314941,0.88916,-69.878052,44.817074,28.170732
144920,3,0.832054,0.278711,0.002452,0.479583,,
144930,2,-0.08252,0.289551,0.847656,-59.390244,29.268293,23.109756
144930,3,0.832496,0.272781,0.001987,0.482221,,
144940,2,0.007812,0.273438,0.842773,-48.780487,9.085366,33.658539
144940,3,0.832557,0.268228,0.000027,0.484667,,
144950,2,-0.100098,0.272461,0.900391,1.768293,4.207317,29.512196
144950,3,0.831534,0.266966,-0.000792,0.487114,,
144960,2,-0.030273,0.304199,0.899902,15.731708,2.256098,30.975611
144960,3,0.8299,0.267852,-0.000481,0.489408,,
144969,2,-0.038086,0.26416,0.920898,0.670732,-5.121951,24.329269
144970,3,0.828691,0.268232,-0.001064,0.491246,,
144979,2,-0.024902,0.232422,0.921387,-4.878049,-6.95122,18.536585
144980,3,0.827999,0.268049,-0.00213,0.492506,,
144989,2,0.007324,0.220703,0.9375,0.914634,-5.060976,15.731708
144989,3,0.82735,0.268081,-0.002884,0.493575,,
144999,2,0.04541,0.222168,0.974121,9.817074,5.060976,15.731708
144999,3,0.826575,0.268388,-0.002801,0.494707,,
145009,2,0.009277,0.223633,1.027832,24.87805,23.414635,18.963415
145009,3,0.825306,0.268978,-0.000871,0.496508,,
145019,2,-0.003906,0.199219,1.041992,20.731709,28.902439,22.256098
145019,3,0.823894,0.269222,0.001765,0.498714,,
145029,2,0.010742,0.157715,1.009277,11.036586,17.621952,26.341463
145029,3,0.822533,0.269053,0.003276,0.501039,,
145039,2,0.042969,0.168945,0.929688,6.95122,6.707317,27.865854
145039,3,0.821154,0.269066,0.003662,0.503286,,
145049,2,0.030273,0.182617,0.864258,2.012195,2.378049,23.353659
145049,3,0.820035,0.269031,0.003459,0.505126,,
145059,2,0.074707,0.182617,0.870605,-5.426829,0.670732,24.268293
145059,3,0.819113,0.268616,0.00289,0.506844,,
145069,2,0.064453,0.206055,0.917969,-17.37805,1.158537,28.109756
145069,3,0.818235,0.267468,0.001676,0.508871,,
145079,2,-0.019531,0.157715,0.902344,-16.646341,-4.085366,23.902439
145079,3,0.817618,0.265992,0.000186,0.510636,,
145089,2,0.069336,0.210938,1.005859,13.47561,-13.902439,20.42683
145089,3,0.816521,0.266948,-0.001067,0.511889,,
145099,2,0.037109,0.296387,1.085938,20,15.97561,6.036585
145099,3,0.815688,0.267791,0.000258,0.512778,,
145109,2,-0.00293,0.317383,1.151855,24.085367,18.841463,3.231707
145109,3,0.815035,0.268388,0.00263,0.513497,,
145119,2,0.034668,0.293457,1.089844,30,9.817074,1.341463
145119,3,0.814327,0.269716,0.004833,0.513908,,
145129,2,0.044922,0.229492,0.946289,36.951221,-2.195122,2.865854
145129,3,0.813444,0.272003,0.006474,0.514082,,
145139,2,0.075195,0.136719,0.861816,51.219513,-8.780488,13.04878
145139,3,0.811905,0.27555,0.007827,0.514607,,
145149,2,0.089844,0.097168,0.874023,62.317074,-9.878049,21.280489
145149,3,0.809594,0.280125,0.009377,0.515752,,
145159,2,0.115723,0.196777,0.902344,56.341465,-12.987805,26.524391
145159,3,0.807061,0.284685,0.010561,0.5172,,
145169,2,0.095215,0.181641,0.914062,41.158539,-25.731709,38.780487
145169,3,0.804278,0.288877,0.010266,0.519212,,
145179,2,0.105469,0.208984,0.901367,18.475611,-41.402439,31.463415
145179,3,0.802323,0.291991,0.007733,0.520538,,
145189,2,0.117676,0.193848,0.925781,16.158537,-41.768295,39.268295
145189,3,0.800382,0.294917,0.004552,0.521912,,
145199,2,0.098633,0.257324,1.030273,-9.390244,-34.329269,38.475609
145199,3,0.798659,0.296247,0.000866,0.523814,,
145209,2,0.061035,0.244141,1.091797,-11.52439,-26.036587,35.975609
145209,3,0.797392,0.296477,-0.002521,0.525606,,
145219,2,0.050781,0.209473,1.077148,-3.414634,-27.5,39.573174
145219,3,0.795829,0.297026,-0.005606,0.527636,,
145229,2,0.113281,0.21582,1.01416,15,-35.060978,41.524391
145229,3,0.793702,0.299035,-0.008507,0.529663,,
145239,2,0.13623,0.191895,1.005371,20.304878,-34.207317,32.865856
145239,3,0.791518,0.301878,-0.010866,0.531272,,
145249,2,0.124512,0.268555,0.989258,42.317074,-29.207317,31.341465
145249,3,0.789011,0.305734,-0.012067,0.532769,,
145259,2,0.145508,0.282227,0.942383,51.524391,-27.317074,29.024391
145259,3,0.786289,0.310329,-0.012392,0.534127,,
145269,2,0.154785,0.214844,0.839355,49.695122,-20.914635,30.670732
145269,3,0.783521,0.314691,-0.012381,0.53564,,
145279,2,0.166992,0.364746,1.012207,47.5,-18.475611,36.829269
145279,3,0.780543,0.318669,-0.012294,0.537635,,
145289,2,0.165039,0.279297,0.982422,38.170734,-22.317074,39.634148
145289,3,0.777578,0.322284,-0.012893,0.539758,,
145299,2,0.163086,0.268555,0.98877,33.231709,-22.682928,39.268295
145299,3,0.774776,0.325469,-0.013895,0.541848,,
145309,2,0.175293,0.269531,0.983398,27.37805,-23.597561,41.768295
145309,3,0.772025,0.328318,-0.015215,0.544015,,
145319,2,0.189453,0.268066,0.914062,14.268293,-27.621952,45.060978
145319,3,0.769392,0.330588,-0.017424,0.5463,,
145329,2,0.186523,0.282227,0.918945,-2.195122,-21.707317,41.280487
145329,3,0.767302,0.331651,-0.020154,0.548498,,
145339,2,0.184082,0.29834,0.961426,-13.170732,-7.134147,34.146343
145339,3,0.765918,0.331254,-0.022409,0.550579,,
145349,2,0.185547,0.331543,1.040039,-22.865854,7.865854,26.890245
145349,3,0.765167,0.329476,-0.023879,0.552625,,
145359,2,0.212891,0.33252,1.100098,-34.207317,16.463415,22.256098
145359,3,0.765037,0.326455,-0.025038,0.554544,,
145369,2,0.233398,0.324707,1.100098,-44.817074,23.902439,22.92683
145369,3,0.765233,0.322345,-0.026215,0.55662,,
145379,2,0.186035,0.37793,1.089355,-55.731709,30.914635,21.036587
145379,3,0.76576,0.317178,-0.027431,0.5588,,
145389,2,0.244141,0.361328,1.131348,-70.365852,41.646343,15.060976
145389,3,0.766899,0.310667,-0.028451,0.560841,,
145399,2,0.258789,0.291992,1.112305,-85.731712,49.817074,13.536586
145399,3,0.768606,0.302633,-0.029601,0.562834,,
